-- -----------------------------------------------------------------------------------------
-- start of v-1.0.0 
-- ------------------------------------------------------------------------------------------
TRUNCATE school;

INSERT INTO `school` (`id`, `name`,`logo_id`, `created`, `last_updated`, `disabled`, `deleted`) VALUES
(1, 'scholl 1',1, '2015-09-10 02:59:42', '2015-09-10 02:59:42', 0, 0),
(2, 'scholl 2',2, '2015-09-10 02:59:42', '2015-09-10 02:59:42', 0, 0),
(3, 'scholl 3',3, '2015-09-10 02:59:42', '2015-09-10 02:59:42', 0, 0),
(4, 'scholl 4',4, '2015-09-10 02:59:42', '2015-09-10 02:59:42', 0, 0);

INSERT INTO `user` (`id`, `status`, `status_date`, `fname`, `lname`, `email`, `username`, `php_tz_identifier`, `phash`, `salt`, `created`, `last_updated`, `lastlogindt`, `lastloginip`, `verified`, `email2`, `user_type`, `locked`, `language_id`,`school_id`,`grade`) VALUES
(1, 'active', NULL, 'eranga', 'wiharagoda1', 'erangawiharagoda+1@gmail.com', 'eraw1', 'UTC', '04e82b18e991f4662ff98b9816967ff4', 'kU!FWun|O^Vm~wKi&;22/o~u71Z:kF', '2015-09-08 12:40:36', '0000-00-00 00:00:00', '2015-09-08 12:40:36', '127.0.0.1', 1, NULL, 'user', 0, 1,1,10),
(2, 'active', NULL, 'eranga', 'wiharagoda2', 'erangawiharagoda+2@gmail.com', 'eraw2', 'UTC', '96d483d148f8376b6013b2273d487e4f', 'RE5wkylxX@.?gSnn["{^$g-RB3I_H?', '2015-09-08 12:40:36', '0000-00-00 00:00:00', '2015-09-08 12:40:36', '127.0.0.1', 1, NULL, 'user', 0, 1,2,11);


--
-- Dumping data for table `pictures`
--

INSERT INTO `pictures` (`id`, `user_id`, `width`, `height`, `size`, `orig_fname`, `stored_fname`, `title`, `description`, `created`, `last_updated`, `violation_of_terms`) VALUES
(1, 0, 300, 120, 26112, 'distingbanner3.jpg', 'distingbanner3.jpg', 'distingbanner3.jpg', NULL, '2015-08-16 00:00:00', '2015-08-15 19:35:30', 0),
(2, 0, 300, 120, 40652, 'distinglogo2.jpg', 'distinglogo2.jpg', 'distinglogo2.jpg', NULL, '2015-08-16 00:00:00', '2015-08-15 19:35:30', 0),
(3, 0, 300, 120, 30515, 'elementary-school.png', 'elementary-school.png', 'elementary-school.png', NULL, '2015-08-16 00:00:00', '2015-08-15 19:35:30', 0),
(4, 0, 300, 120, 26214, 'goldribbonlogo.jpg', 'goldribbonlogo.jpg', 'goldribbonlogo.jpg', NULL, '2015-08-16 00:00:00', '2015-08-15 19:35:30', 0)
;


-- -----------------------------------------------------------------------------------------
-- end of v-1.0.0 and start of v-1.1.0 
-- ------------------------------------------------------------------------------------------

-- set a user as admin
UPDATE `user` SET `user_type` = 'admin', `grade` = '9' WHERE `user`.`id` = 1;
UPDATE `user` SET `lname` = 'admin', `username` = 'admin' WHERE `user`.`id` = 1;

-- --

--
-- Dumping data for table `event`
--

INSERT INTO `event` (`id`, `name`, `description`, `start_date`, `end_date`, `apply_deadline`, `type`, `publish`, `deleted`, `created`, `last_updated`) VALUES
(2, 'name 2', '', '2015-10-05', '2015-12-05', '2015-12-04 00:00:00', 'internships', 1, 0, '2015-09-23 05:44:44', '2015-09-24 14:04:16'),
(3, 'test', '', '2015-10-05', '2015-12-05', '2015-12-04 00:00:00', 'internships', 1, 0, '2015-09-23 05:47:25', '2015-09-24 14:04:16'),
(4, 'test', '', '2015-10-05', '2015-12-05', '2015-12-04 00:00:00', 'internships', 1, 1, '2015-09-23 07:41:30', '2015-09-24 14:04:16'),
(5, 'event  test 1', 'test text', '2015-08-01', '2015-09-30', '2015-09-25 00:00:00', 'internships', 1, 0, '2015-09-23 10:57:04', '2015-09-24 11:05:35'),
(6, 'event test 2', 'event test 2 line 1\nevent test 2 line 2\nevent test 2 line 3 dfads dfs afas sadf afdsaf dsaf', '2015-09-23', '2015-09-23', '2015-09-22 00:00:00', 'internships', 0, 0, '2015-09-23 10:58:54', '2015-09-24 11:54:17'),
(7, 'event test 3', 'event test 3 text', '2015-10-01', '2015-11-06', '2015-11-03 00:00:00', 'internships', 1, 0, '2015-09-23 15:00:58', '2015-09-24 11:54:17'),
(8, 'event test 4', 'event test 4 text', '2015-09-18', '2015-09-10', '2015-09-10 00:00:00', 'internships', 1, 0, '2015-09-23 15:01:33', '2015-09-23 15:01:33'),
(9, 'event test 5', 'event test 5 text', '2015-09-09', '2015-09-17', '2015-09-15 00:00:00', 'internships', 1, 0, '2015-09-23 15:02:00', '2015-09-23 15:02:00'),
(10, 'event test 6', 'event test 6 text', '2015-09-24', '2015-10-23', '2015-09-24 00:00:00', 'internships', 1, 0, '2015-09-23 15:02:52', '2015-09-23 15:02:52'),
(11, 'event test 7', 'event test 7 text', '2015-10-01', '2015-10-01', '2015-10-15 00:00:00', 'internships', 1, 0, '2015-09-23 15:03:27', '2015-09-23 15:03:27'),
(12, 'event test 8', 'event test 8 text', '2015-09-24', '2015-09-25', '2015-09-25 00:00:00', 'internships', 1, 0, '2015-09-23 15:03:52', '2015-09-24 11:54:17'),
(13, 'event test 9', 'event test 9 text', '2015-09-23', '2015-09-23', '2015-09-23 00:00:00', 'internships', 1, 0, '2015-09-23 15:19:08', '2015-09-23 15:19:08'),
(14, 'event test 10', 'event test 10 text', '2015-09-23', '2015-09-23', '2015-09-24 00:00:00', 'internships', 1, 0, '2015-09-23 15:21:36', '2015-09-24 11:54:17'),
(15, 'event test 11', 'event test 11 text', '2015-09-23', '2015-09-25', '2015-09-23 00:00:00', 'internships', 1, 0, '2015-09-23 15:21:54', '2015-09-23 15:21:54'),
(16, 'event test 12', 'event test 12 text', '2015-09-24', '2015-09-30', '2015-09-28 00:00:00', 'internships', 1, 0, '2015-09-23 15:22:29', '2015-09-23 15:22:29'),
(17, 'event test 13 has notficaiton', 'event test 13 text line dafd dfas fasdf sdd dfdaf d dfsdf df fdasfd 1\nevent test 13 text line 2\nevent test 13 text line 3', '2015-09-24', '2015-09-26', '2015-09-28 00:00:00', 'internships', 1, 0, '2015-09-23 15:22:48', '2015-09-25 09:05:57'),
(18, 'event test 14 ed2', 'event test 14 text exite', '2015-09-25', '2015-09-26', '2015-09-26 00:00:00', 'job shadows', 0, 0, '2015-09-23 15:25:09', '2015-09-24 02:53:50'),
(19, 'name 19', 'description 19', '2015-10-05', '2015-12-05', '2015-12-04 00:00:00', 'job shadows', 1, 0, '2015-09-24 10:55:47', '2015-09-24 14:04:16'),
(20, 'name 20', 'description 20', '2015-10-05', '2015-12-05', '2015-12-04 00:00:00', 'job shadows', 1, 0, '2015-09-24 10:55:47', '2015-09-24 14:04:16'),
(21, 'name 21', 'description 21', '2015-10-05', '2015-12-05', '2015-12-04 00:00:00', 'job shadows', 1, 0, '2015-09-24 10:55:47', '2015-09-24 14:04:16'),
(22, 'name 22', 'description 22', '2015-10-05', '2015-12-05', '2015-12-04 00:00:00', 'job shadows', 1, 0, '2015-09-24 10:55:47', '2015-09-24 14:04:16'),
(23, 'name 23', 'description 23', '2015-10-05', '2015-12-05', '2015-12-04 00:00:00', 'job shadows', 1, 0, '2015-09-24 10:55:47', '2015-09-24 14:04:16'),
(24, 'name 24', 'description 24', '2015-10-05', '2015-12-05', '2015-12-04 00:00:00', 'job shadows', 1, 0, '2015-09-24 10:55:47', '2015-09-24 14:04:16'),
(25, 'name 25', 'description 25', '2015-10-05', '2015-12-05', '2015-12-04 00:00:00', 'job shadows', 1, 0, '2015-09-24 10:55:47', '2015-09-24 14:04:16'),
(26, 'name 26', 'description 26', '2015-10-05', '2015-12-05', '2015-12-04 00:00:00', 'job shadows', 1, 0, '2015-09-24 10:55:47', '2015-09-24 14:04:16'),
(27, 'name 27', 'description 27', '2015-10-05', '2015-12-05', '2015-12-04 00:00:00', 'job shadows', 1, 0, '2015-09-24 10:55:47', '2015-09-24 14:04:16'),
(28, 'name 28', 'description 28', '2015-10-05', '2015-12-05', '2015-12-04 00:00:00', 'job shadows', 1, 0, '2015-09-24 10:55:47', '2015-09-24 14:04:16'),
(29, 'name 29', 'description 29', '2015-10-05', '2015-12-05', '2015-12-04 00:00:00', 'job shadows', 1, 0, '2015-09-24 10:55:47', '2015-09-24 14:04:16'),
(30, 'name 30', 'description 30', '2015-10-05', '2015-12-05', '2015-12-04 00:00:00', 'job shadows', 1, 0, '2015-09-24 10:55:47', '2015-09-24 14:04:16'),
(31, 'name 31', 'description 31', '2015-10-05', '2015-12-05', '2015-12-04 00:00:00', 'job shadows', 1, 0, '2015-09-24 10:55:47', '2015-09-24 14:04:16'),
(32, 'name 32', 'description 32', '2015-10-05', '2015-12-05', '2015-12-04 00:00:00', 'job shadows', 1, 0, '2015-09-24 10:55:47', '2015-09-24 14:04:16'),
(33, 'name 33', 'description 33', '2015-10-05', '2015-12-05', '2015-12-04 00:00:00', 'job shadows', 1, 0, '2015-09-24 10:55:47', '2015-09-24 14:04:16'),
(34, 'name 34', 'description 34', '2015-10-05', '2015-12-05', '2015-12-04 00:00:00', 'job shadows', 1, 0, '2015-09-24 10:55:47', '2015-09-24 14:04:16'),
(35, 'name 35', 'description 35', '2015-10-05', '2015-12-05', '2015-12-04 00:00:00', 'job shadows', 1, 0, '2015-09-24 10:55:47', '2015-09-24 14:04:16'),
(36, 'name 36', 'description 36', '2015-10-05', '2015-12-05', '2015-12-04 00:00:00', 'job shadows', 1, 0, '2015-09-24 10:55:47', '2015-09-24 14:04:16'),
(37, 'name 37', 'description 37', '2015-10-05', '2015-12-05', '2015-12-04 00:00:00', 'job shadows', 1, 0, '2015-09-24 10:55:47', '2015-09-24 14:04:16'),
(38, 'name 38', 'description 38', '2015-10-05', '2015-12-05', '2015-12-04 00:00:00', 'job shadows', 1, 0, '2015-09-24 10:55:47', '2015-09-24 14:04:16'),
(39, 'name 39', 'description 39', '2015-10-05', '2015-12-05', '2015-12-04 00:00:00', 'job shadows', 1, 0, '2015-09-24 10:55:47', '2015-09-24 14:04:16'),
(40, 'name 40', 'description 40', '2015-10-05', '2015-12-05', '2015-12-04 00:00:00', 'job shadows', 1, 0, '2015-09-24 10:55:47', '2015-09-24 14:04:16'),
(41, 'name 41', 'description 41', '2015-10-05', '2015-12-05', '2015-12-04 00:00:00', 'job shadows', 1, 0, '2015-09-24 10:55:47', '2015-09-24 14:04:16'),
(42, 'name 42', 'description 42', '2015-10-05', '2015-12-05', '2015-12-04 00:00:00', 'job shadows', 1, 0, '2015-09-24 10:55:47', '2015-09-24 14:04:16'),
(43, 'name 43', 'description 43', '2015-10-05', '2015-12-05', '2015-12-04 00:00:00', 'job shadows', 1, 0, '2015-09-24 10:55:47', '2015-09-24 14:04:16'),
(44, 'name 44', 'description 44', '2015-10-05', '2015-12-05', '2015-12-04 00:00:00', 'job shadows', 1, 0, '2015-09-24 10:55:47', '2015-09-24 14:04:16'),
(45, 'name 45', 'description 45', '2015-10-05', '2015-12-05', '2015-12-04 00:00:00', 'internships', 1, 0, '2015-09-24 10:55:47', '2015-09-24 14:04:16'),
(46, 'name 46', 'description 46', '2015-10-05', '2015-12-05', '2015-12-04 00:00:00', 'volunteering', 1, 0, '2015-09-24 10:55:47', '2015-09-24 14:04:16'),
(47, 'name 47', 'description 47', '2015-10-05', '2015-12-05', '2015-12-04 00:00:00', 'volunteering', 1, 0, '2015-09-24 10:55:47', '2015-09-24 14:04:16'),
(48, 'name 48', 'description 48', '2015-10-05', '2015-12-05', '2015-12-04 00:00:00', 'volunteering', 1, 0, '2015-09-24 10:55:47', '2015-09-24 14:04:16'),
(49, 'name 49', 'description 49', '2015-10-05', '2015-12-05', '2015-12-04 00:00:00', 'volunteering', 1, 0, '2015-09-24 10:55:47', '2015-09-24 14:04:16'),
(50, 'name 50', 'description 50', '2015-10-05', '2015-12-05', '2015-12-04 00:00:00', 'volunteering', 1, 0, '2015-09-24 10:55:47', '2015-09-24 14:04:16'),
(51, 'name 51', 'description 51', '2015-10-05', '2015-12-05', '2015-12-04 00:00:00', 'volunteering', 1, 0, '2015-09-24 10:55:47', '2015-09-24 14:04:16'),
(52, 'name 52', 'description 52', '2015-10-05', '2015-12-05', '2015-12-04 00:00:00', 'volunteering', 1, 0, '2015-09-24 10:55:47', '2015-09-24 14:04:16'),
(53, 'name 53', 'description 53', '2015-10-05', '2015-12-05', '2015-12-04 00:00:00', 'volunteering', 1, 0, '2015-09-24 10:55:47', '2015-09-24 14:04:16'),
(54, 'name 54', 'description 54', '2015-10-05', '2015-12-05', '2015-12-04 00:00:00', 'volunteering', 1, 0, '2015-09-24 10:55:47', '2015-09-24 14:04:16'),
(55, 'name 55', 'description 55', '2015-10-05', '2015-12-05', '2015-12-04 00:00:00', 'volunteering', 1, 0, '2015-09-24 10:55:47', '2015-09-24 14:04:16'),
(56, 'name 56', 'description 56', '2015-10-05', '2015-12-05', '2015-12-04 00:00:00', 'volunteering', 1, 0, '2015-09-24 10:55:47', '2015-09-24 14:04:16'),
(57, 'name 57', 'description 57', '2015-10-05', '2015-12-05', '2015-12-04 00:00:00', 'volunteering', 1, 0, '2015-09-24 10:55:47', '2015-09-24 14:04:16'),
(58, 'name 58', 'description 58', '2015-10-05', '2015-12-05', '2015-12-04 00:00:00', 'volunteering', 1, 0, '2015-09-24 10:55:47', '2015-09-24 14:04:16'),
(59, 'name 59', 'description 59', '2015-10-05', '2015-12-05', '2015-12-04 00:00:00', 'volunteering', 1, 0, '2015-09-24 10:55:47', '2015-09-24 14:04:16'),
(60, 'name 60', 'description 60', '2015-10-05', '2015-12-05', '2015-12-04 00:00:00', 'volunteering', 1, 0, '2015-09-24 10:55:47', '2015-09-24 14:04:16'),
(61, 'name 61', 'description 61', '2015-10-05', '2015-12-05', '2015-12-04 00:00:00', 'volunteering', 1, 0, '2015-09-24 10:55:47', '2015-09-24 14:04:16'),
(62, 'name 62', 'description 62', '2015-10-05', '2015-12-05', '2015-12-04 00:00:00', 'volunteering', 1, 0, '2015-09-24 10:55:47', '2015-09-24 14:04:16'),
(63, 'name 63', 'description 63', '2015-10-05', '2015-12-05', '2015-12-04 00:00:00', 'volunteering', 1, 0, '2015-09-24 10:55:47', '2015-09-24 14:04:16'),
(64, 'name 64', 'description 64', '2015-10-05', '2015-12-05', '2015-12-04 00:00:00', 'volunteering', 1, 0, '2015-09-24 10:55:47', '2015-09-24 14:04:16'),
(65, 'name 65', 'description 65', '2015-10-05', '2015-12-05', '2015-12-04 00:00:00', 'volunteering', 1, 0, '2015-09-24 10:55:47', '2015-09-24 14:04:16'),
(66, 'name 66', 'description 66', '2015-10-05', '2015-12-05', '2015-12-04 00:00:00', 'volunteering', 1, 0, '2015-09-24 10:55:47', '2015-09-24 14:04:16'),
(67, 'name 67', 'description 67', '2015-10-05', '2015-12-05', '2015-12-04 00:00:00', 'volunteering', 1, 0, '2015-09-24 10:55:47', '2015-09-24 14:04:16'),
(68, 'name 68', 'description 68', '2015-10-05', '2015-12-05', '2015-12-04 00:00:00', 'volunteering', 1, 0, '2015-09-24 10:55:47', '2015-09-24 14:04:16'),
(69, 'name 69', 'description 69', '2015-10-05', '2015-12-05', '2015-12-04 00:00:00', 'volunteering', 1, 0, '2015-09-24 10:55:47', '2015-09-24 14:04:16'),
(70, 'name 70', 'description 70', '2015-10-05', '2015-12-05', '2015-12-04 00:00:00', 'volunteering', 1, 0, '2015-09-24 10:55:47', '2015-09-24 14:04:16'),
(71, 'name 71', 'description 71', '2015-10-05', '2015-12-05', '2015-12-04 00:00:00', 'volunteering', 1, 0, '2015-09-24 10:55:47', '2015-09-24 14:04:16'),
(72, 'name 72', 'description 72', '2015-10-05', '2015-12-05', '2015-12-04 00:00:00', 'volunteering', 1, 0, '2015-09-24 10:55:47', '2015-09-24 14:04:16'),
(73, 'name 73', 'description 73', '2015-10-05', '2015-12-05', '2015-12-04 00:00:00', 'volunteering', 1, 0, '2015-09-24 10:55:47', '2015-09-24 14:04:16'),
(74, 'name 74', 'description 74', '2015-10-05', '2015-12-05', '2015-12-04 00:00:00', 'volunteering', 1, 0, '2015-09-24 10:55:47', '2015-09-24 14:04:16'),
(75, 'name 75', 'description 75', '2015-10-05', '2015-12-05', '2015-12-04 00:00:00', 'volunteering', 1, 0, '2015-09-24 10:55:47', '2015-09-24 14:04:16'),
(76, 'name 76', 'description 76', '2015-10-05', '2015-12-05', '2015-12-04 00:00:00', 'volunteering', 1, 0, '2015-09-24 10:55:47', '2015-09-24 14:04:16'),
(77, 'name 77', 'description 77', '2015-10-05', '2015-12-05', '2015-12-04 00:00:00', 'volunteering', 1, 0, '2015-09-24 10:55:47', '2015-09-24 14:04:16'),
(78, 'name 78', 'description 78', '2015-10-05', '2015-12-05', '2015-12-04 00:00:00', 'volunteering', 1, 0, '2015-09-24 10:55:47', '2015-09-24 14:04:16'),
(79, 'name 79', 'description 79', '2015-10-05', '2015-12-05', '2015-12-04 00:00:00', 'volunteering', 1, 0, '2015-09-24 10:55:47', '2015-09-24 14:04:16'),
(80, 'name 80', 'description 80', '2015-10-05', '2015-12-05', '2015-12-04 00:00:00', 'volunteering', 1, 0, '2015-09-24 10:55:47', '2015-09-24 14:04:16'),
(81, 'name 81', 'description 81', '2015-10-05', '2015-12-05', '2015-12-04 00:00:00', 'volunteering', 1, 0, '2015-09-24 10:55:47', '2015-09-24 14:04:16'),
(82, 'name 82', 'description 82', '2015-10-05', '2015-12-05', '2015-12-04 00:00:00', 'volunteering', 1, 0, '2015-09-24 10:55:47', '2015-09-24 14:04:16'),
(83, 'name 83', 'description 83', '2015-10-05', '2015-12-05', '2015-12-04 00:00:00', 'volunteering', 1, 0, '2015-09-24 10:55:47', '2015-09-24 14:04:16'),
(84, 'name 84', 'description 84', '2015-10-05', '2015-12-05', '2015-12-04 00:00:00', 'volunteering', 1, 0, '2015-09-24 10:55:47', '2015-09-24 14:04:16'),
(85, 'name 85', 'description 85', '2015-10-05', '2015-12-05', '2015-12-04 00:00:00', 'internships', 1, 0, '2015-09-24 10:55:47', '2015-09-24 14:04:16'),
(86, 'name 86', 'description 86', '2015-10-05', '2015-12-05', '2015-12-04 00:00:00', 'internships', 1, 0, '2015-09-24 10:55:47', '2015-09-24 14:04:16'),
(87, 'name 87', 'description 87', '2015-10-05', '2015-12-05', '2015-12-04 00:00:00', 'internships', 1, 0, '2015-09-24 10:55:47', '2015-09-24 14:04:16'),
(88, 'name 88', 'description 88', '2015-10-05', '2015-12-05', '2015-12-04 00:00:00', 'internships', 1, 0, '2015-09-24 10:55:47', '2015-09-24 14:04:16'),
(89, 'name 89', 'description 89', '2015-10-05', '2015-12-05', '2015-12-04 00:00:00', 'internships', 1, 0, '2015-09-24 10:55:47', '2015-09-24 14:04:16'),
(90, 'name 90', 'description 90', '2015-10-05', '2015-12-05', '2015-12-04 00:00:00', 'internships', 1, 0, '2015-09-24 10:55:47', '2015-09-24 14:04:16'),
(91, 'name 91', 'description 91', '2015-10-05', '2015-12-05', '2015-12-04 00:00:00', 'internships', 1, 0, '2015-09-24 10:55:47', '2015-09-24 14:04:16'),
(92, 'name 92', 'description 92', '2015-10-05', '2015-12-05', '2015-12-04 00:00:00', 'internships', 1, 0, '2015-09-24 10:55:47', '2015-09-24 14:04:16'),
(93, 'name 93', 'description 93', '2015-10-05', '2015-12-05', '2015-12-04 00:00:00', 'internships', 1, 0, '2015-09-24 10:55:47', '2015-09-24 14:04:16'),
(94, 'name 94', 'description 94', '2015-10-05', '2015-12-05', '2015-12-04 00:00:00', 'internships', 1, 0, '2015-09-24 10:55:47', '2015-09-24 14:04:16'),
(95, 'name 95', 'description 95', '2015-10-05', '2015-12-05', '2015-12-04 00:00:00', 'internships', 1, 0, '2015-09-24 10:55:47', '2015-09-24 14:04:16'),
(96, 'name 96', 'description 96', '2015-10-05', '2015-12-05', '2015-12-04 00:00:00', 'internships', 1, 0, '2015-09-24 10:55:47', '2015-09-24 14:04:16'),
(97, 'name 97', 'description 97', '2015-10-05', '2015-12-05', '2015-12-04 00:00:00', 'internships', 1, 0, '2015-09-24 10:55:47', '2015-09-24 14:04:16'),
(98, 'name 98', 'description 98', '2015-10-05', '2015-12-05', '2015-12-04 00:00:00', 'internships', 1, 0, '2015-09-24 10:55:54', '2015-09-24 14:04:16'),
(99, 'name 99', 'description 99', '2015-10-05', '2015-12-05', '2015-12-04 00:00:00', 'internships', 1, 0, '2015-09-24 10:55:54', '2015-09-24 14:04:16'),
(100, 'name 100', 'description 100', '2015-10-05', '2015-12-05', '2015-12-04 00:00:00', 'internships', 1, 0, '2015-09-24 10:55:54', '2015-09-24 14:04:16'),
(101, 'name 101', 'description 101', '2015-10-05', '2015-12-05', '2015-12-04 00:00:00', 'internships', 1, 0, '2015-09-24 10:55:54', '2015-09-24 14:04:16'),
(102, 'name 102', 'description 102', '2015-10-05', '2015-12-05', '2015-12-04 00:00:00', 'internships', 1, 0, '2015-09-24 10:55:54', '2015-09-24 14:04:16'),
(103, 'name 103', 'description 103', '2015-10-05', '2015-12-05', '2015-12-04 00:00:00', 'internships', 1, 0, '2015-09-24 10:55:54', '2015-09-24 14:04:16'),
(104, 'name 104', 'description 104', '2015-10-05', '2015-12-05', '2015-12-04 00:00:00', 'internships', 1, 0, '2015-09-24 10:55:54', '2015-09-24 14:04:16'),
(105, 'name 105', 'description 105', '2015-10-05', '2015-12-05', '2015-12-04 00:00:00', 'internships', 1, 0, '2015-09-24 10:55:54', '2015-09-24 14:04:16'),
(106, 'name 106', 'description 106', '2015-10-05', '2015-12-05', '2015-12-04 00:00:00', 'internships', 1, 0, '2015-09-24 10:55:54', '2015-09-24 14:04:16'),
(107, 'name 107', 'description 107', '2015-10-05', '2015-12-05', '2015-12-04 00:00:00', 'internships', 1, 0, '2015-09-24 10:55:54', '2015-09-24 14:04:16'),
(108, 'name 108', 'description 108', '2015-10-05', '2015-12-05', '2015-12-04 00:00:00', 'internships', 1, 0, '2015-09-24 10:55:54', '2015-09-24 14:04:16'),
(109, 'name 109', 'description 109', '2015-10-05', '2015-12-05', '2015-12-04 00:00:00', 'internships', 1, 0, '2015-09-24 10:55:54', '2015-09-24 14:04:16'),
(110, 'name 110', 'description 110', '2015-10-05', '2015-12-05', '2015-12-04 00:00:00', 'internships', 1, 0, '2015-09-24 10:55:54', '2015-09-24 14:04:16'),
(111, 'name 111', 'description 111', '2015-10-05', '2015-12-05', '2015-12-04 00:00:00', 'internships', 1, 0, '2015-09-24 10:55:54', '2015-09-24 14:04:16'),
(112, 'name 112', 'description 112', '2015-10-05', '2015-12-05', '2015-12-04 00:00:00', 'internships', 1, 0, '2015-09-24 10:55:54', '2015-09-24 14:04:16'),
(113, 'name 113', 'description 113', '2015-10-05', '2015-12-05', '2015-12-04 00:00:00', 'internships', 1, 0, '2015-09-24 10:55:54', '2015-09-24 14:04:16'),
(114, 'name 114', 'description 114', '2015-10-05', '2015-12-05', '2015-12-04 00:00:00', 'internships', 1, 0, '2015-09-24 10:55:54', '2015-09-24 14:04:16'),
(115, 'name 115', 'description 115', '2015-10-05', '2015-12-05', '2015-12-04 00:00:00', 'internships', 1, 0, '2015-09-24 10:55:54', '2015-09-24 14:04:16'),
(116, 'name 116', 'description 116', '2015-10-05', '2015-12-05', '2015-12-04 00:00:00', 'internships', 1, 0, '2015-09-24 10:55:54', '2015-09-24 14:04:16'),
(117, 'name 117', 'description 117', '2015-10-05', '2015-12-05', '2015-12-04 00:00:00', 'internships', 1, 0, '2015-09-24 10:55:54', '2015-09-24 14:04:16'),
(118, 'name 118', 'description 118', '2015-10-05', '2015-12-05', '2015-12-04 00:00:00', 'internships', 1, 0, '2015-09-24 10:55:54', '2015-09-24 14:04:16'),
(119, 'name 119', 'description 119', '2015-10-05', '2015-12-05', '2015-12-04 00:00:00', 'internships', 1, 0, '2015-09-24 10:55:54', '2015-09-24 14:04:16'),
(120, 'name 120', 'description 120', '2015-10-05', '2015-12-05', '2015-12-04 00:00:00', 'internships', 1, 0, '2015-09-24 10:55:54', '2015-09-24 14:04:16'),
(121, 'name 121', 'description 121', '2015-10-05', '2015-12-05', '2015-12-04 00:00:00', 'internships', 1, 0, '2015-09-24 10:55:54', '2015-09-24 14:04:16'),
(122, 'name 122', 'description 122', '2015-10-05', '2015-12-05', '2015-12-04 00:00:00', 'internships', 1, 0, '2015-09-24 10:55:54', '2015-09-24 14:04:16'),
(123, 'name 123', 'description 123', '2015-10-05', '2015-12-05', '2015-12-04 00:00:00', 'internships', 1, 0, '2015-09-24 10:55:54', '2015-09-24 14:04:16'),
(124, 'name 124', 'description 124', '2015-10-05', '2015-12-05', '2015-12-04 00:00:00', 'internships', 1, 0, '2015-09-24 10:55:54', '2015-09-24 14:04:16'),
(125, 'name 125', 'description 125', '2015-10-05', '2015-12-05', '2015-12-04 00:00:00', 'internships', 1, 0, '2015-09-24 10:55:54', '2015-09-24 14:04:16'),
(126, 'name 126', 'description 126', '2015-10-05', '2015-12-05', '2015-12-04 00:00:00', 'internships', 1, 0, '2015-09-24 10:55:54', '2015-09-24 14:04:16'),
(127, 'name 127', 'description 127', '2015-10-05', '2015-12-05', '2015-12-04 00:00:00', 'internships', 1, 0, '2015-09-24 10:55:54', '2015-09-24 14:04:16'),
(128, 'name 128', 'description 128', '2015-10-05', '2015-12-05', '2015-12-04 00:00:00', 'internships', 1, 0, '2015-09-24 10:55:54', '2015-09-24 14:04:16'),
(129, 'name 129', 'description 129', '2015-10-05', '2015-12-05', '2015-12-04 00:00:00', 'internships', 1, 0, '2015-09-24 10:55:54', '2015-09-24 14:04:16'),
(130, 'name 130', 'description 130', '2015-10-05', '2015-12-05', '2015-12-04 00:00:00', 'internships', 1, 0, '2015-09-24 10:55:54', '2015-09-24 14:04:16'),
(131, 'name 131', 'description 131', '2015-10-05', '2015-12-05', '2015-12-04 00:00:00', 'internships', 1, 0, '2015-09-24 10:55:54', '2015-09-24 14:04:16'),
(132, 'name 132', 'description 132', '2015-10-05', '2015-12-05', '2015-12-04 00:00:00', 'internships', 1, 0, '2015-09-24 10:55:54', '2015-09-24 14:04:16'),
(133, 'name 133', 'description 133', '2015-10-05', '2015-12-05', '2015-12-04 00:00:00', 'internships', 1, 0, '2015-09-24 10:55:54', '2015-09-24 14:04:16'),
(134, 'name 134', 'description 134', '2015-10-05', '2015-12-05', '2015-12-04 00:00:00', 'internships', 1, 0, '2015-09-24 10:55:54', '2015-09-24 14:04:16'),
(135, 'name 135', 'description 135', '2015-10-05', '2015-12-05', '2015-12-04 00:00:00', 'internships', 1, 0, '2015-09-24 10:55:54', '2015-09-24 14:04:16'),
(136, 'name 136', 'description 136', '2015-10-05', '2015-12-05', '2015-12-04 00:00:00', 'internships', 1, 0, '2015-09-24 10:55:54', '2015-09-24 14:04:16'),
(137, 'name 137', 'description 137', '2015-10-05', '2015-12-05', '2015-12-04 00:00:00', 'internships', 1, 0, '2015-09-24 10:55:54', '2015-09-24 14:04:16'),
(138, 'name 138', 'description 138', '2015-10-05', '2015-12-05', '2015-12-04 00:00:00', 'internships', 1, 0, '2015-09-24 10:55:54', '2015-09-24 14:04:16'),
(139, 'name 139', 'description 139', '2015-10-05', '2015-12-05', '2015-12-04 00:00:00', 'internships', 1, 0, '2015-09-24 10:55:54', '2015-09-24 14:04:16'),
(140, 'name 140', 'description 140', '2015-10-05', '2015-12-05', '2015-12-04 00:00:00', 'internships', 1, 0, '2015-09-24 10:55:54', '2015-09-24 14:04:16'),
(141, 'name 141', 'description 141', '2015-10-05', '2015-12-05', '2015-12-04 00:00:00', 'internships', 1, 0, '2015-09-24 10:55:54', '2015-09-24 14:04:16'),
(142, 'name 142', 'description 142', '2015-10-05', '2015-12-05', '2015-12-04 00:00:00', 'internships', 1, 0, '2015-09-24 10:55:54', '2015-09-24 14:04:16'),
(143, 'name 143', 'description 143', '2015-10-05', '2015-12-05', '2015-12-04 00:00:00', 'internships', 1, 0, '2015-09-24 10:55:54', '2015-09-24 14:04:16'),
(144, 'name 144', 'description 144', '2015-10-05', '2015-12-05', '2015-12-04 00:00:00', 'internships', 1, 0, '2015-09-24 10:55:54', '2015-09-24 14:04:16'),
(145, 'name 145', 'description 145', '2015-10-05', '2015-12-05', '2015-12-04 00:00:00', 'internships', 1, 0, '2015-09-24 10:55:54', '2015-09-24 14:04:16'),
(146, 'name 146', 'description 146', '2015-10-05', '2015-12-05', '2015-12-04 00:00:00', 'internships', 1, 0, '2015-09-24 10:55:54', '2015-09-24 14:04:16'),
(147, 'name 147', 'description 147', '2015-10-05', '2015-12-05', '2015-12-04 00:00:00', 'internships', 1, 0, '2015-09-24 10:55:54', '2015-09-24 14:04:16'),
(148, 'name 148', 'description 148', '2015-10-05', '2015-12-05', '2015-12-04 00:00:00', 'internships', 1, 0, '2015-09-24 10:55:54', '2015-09-24 14:04:16'),
(149, 'name 149', 'description 149', '2015-10-05', '2015-12-05', '2015-12-04 00:00:00', 'internships', 1, 0, '2015-09-24 10:55:54', '2015-09-24 14:04:16'),
(150, 'name 150', 'description 150', '2015-10-05', '2015-12-05', '2015-12-04 00:00:00', 'internships', 1, 0, '2015-09-24 10:55:54', '2015-09-24 14:04:16'),
(151, 'name 151', 'description 151', '2015-10-05', '2015-12-05', '2015-12-04 00:00:00', 'internships', 1, 0, '2015-09-24 10:55:54', '2015-09-24 14:04:16'),
(152, 'name 152', 'description 152', '2015-10-05', '2015-12-05', '2015-12-04 00:00:00', 'internships', 1, 0, '2015-09-24 10:55:54', '2015-09-24 14:04:16'),
(153, 'name 153', 'description 153', '2015-10-05', '2015-12-05', '2015-12-04 00:00:00', 'internships', 1, 0, '2015-09-24 10:55:54', '2015-09-24 14:04:16'),
(154, 'name 154', 'description 154', '2015-10-05', '2015-12-05', '2015-12-04 00:00:00', 'internships', 1, 0, '2015-09-24 10:55:54', '2015-09-24 14:04:16'),
(155, 'name 155', 'description 155', '2015-10-05', '2015-12-05', '2015-12-04 00:00:00', 'internships', 1, 0, '2015-09-24 10:55:54', '2015-09-24 14:04:16'),
(156, 'name 156', 'description 156', '2015-10-05', '2015-12-05', '2015-12-04 00:00:00', 'internships', 1, 0, '2015-09-24 10:55:54', '2015-09-24 14:04:16'),
(157, 'name 157', 'description 157', '2015-10-05', '2015-12-05', '2015-12-04 00:00:00', 'internships', 1, 0, '2015-09-24 10:55:54', '2015-09-24 14:04:16'),
(158, 'name 158', 'description 158', '2015-10-05', '2015-12-05', '2015-12-04 00:00:00', 'internships', 1, 0, '2015-09-24 10:55:54', '2015-09-24 14:04:16'),
(159, 'name 159', 'description 159', '2015-10-05', '2015-12-05', '2015-12-04 00:00:00', 'internships', 1, 0, '2015-09-24 10:55:54', '2015-09-24 14:04:16'),
(160, 'name 160', 'description 160', '2015-10-05', '2015-12-05', '2015-12-04 00:00:00', 'internships', 1, 0, '2015-09-24 10:55:54', '2015-09-24 14:04:16'),
(161, 'name 161', 'description 161', '2015-10-05', '2015-12-05', '2015-12-04 00:00:00', 'internships', 1, 0, '2015-09-24 10:55:54', '2015-09-24 14:04:16'),
(162, 'name 162', 'description 162', '2015-10-05', '2015-12-05', '2015-12-04 00:00:00', 'internships', 1, 0, '2015-09-24 10:55:54', '2015-09-24 14:04:16'),
(163, 'name 163', 'description 163', '2015-10-05', '2015-12-05', '2015-12-04 00:00:00', 'internships', 1, 0, '2015-09-24 10:55:54', '2015-09-24 14:04:16'),
(164, 'name 164', 'description 164', '2015-10-05', '2015-12-05', '2015-12-04 00:00:00', 'internships', 1, 0, '2015-09-24 10:55:54', '2015-09-24 14:04:16'),
(165, 'name 165', 'description 165', '2015-10-05', '2015-12-05', '2015-12-04 00:00:00', 'internships', 1, 0, '2015-09-24 10:55:54', '2015-09-24 17:50:53'),
(166, 'name 166', 'description 166', '2015-10-05', '2015-12-05', '2015-12-04 00:00:00', 'internships', 1, 0, '2015-09-24 10:55:54', '2015-09-24 14:04:16'),
(167, 'name 167', 'description 167', '2015-10-05', '2015-12-05', '2015-12-04 00:00:00', 'internships', 1, 0, '2015-09-24 10:55:54', '2015-09-24 14:04:16'),
(168, 'name 168', 'description 168', '2015-10-05', '2015-12-05', '2015-12-04 00:00:00', 'internships', 1, 0, '2015-09-24 10:55:54', '2015-09-24 14:04:16'),
(169, 'name 169', 'description 169', '2015-10-05', '2015-12-05', '2015-12-04 00:00:00', 'internships', 1, 0, '2015-09-24 10:55:54', '2015-09-24 14:04:16'),
(170, 'name 170', 'description 170', '2015-10-05', '2015-12-05', '2015-12-04 00:00:00', 'internships', 1, 0, '2015-09-24 10:55:54', '2015-09-24 14:04:16'),
(171, 'name 171', 'description 171', '2015-10-05', '2015-12-05', '2015-12-04 00:00:00', 'internships', 1, 0, '2015-09-24 10:55:54', '2015-09-24 14:04:16'),
(172, 'name 172', 'description 172', '2015-10-05', '2015-12-05', '2015-09-24 00:00:00', 'internships', 1, 0, '2015-09-24 10:55:54', '2015-09-24 14:16:12'),
(173, 'name 173', 'description 173', '2015-10-05', '2015-12-05', '2015-12-04 00:00:00', 'internships', 1, 0, '2015-09-24 10:55:54', '2015-09-24 14:04:16'),
(174, 'name 174', 'description 174', '2015-10-05', '2015-12-05', '2015-12-04 00:00:00', 'internships', 1, 0, '2015-09-24 10:55:54', '2015-09-24 14:04:16'),
(175, 'name 175', 'description 175', '2015-10-05', '2015-12-05', '2015-12-04 00:00:00', 'internships', 1, 0, '2015-09-24 10:55:54', '2015-09-24 14:04:16'),
(176, 'name 176', 'description 176', '2015-10-05', '2015-12-05', '2015-09-23 00:00:00', 'internships', 1, 0, '2015-09-24 10:55:54', '2015-09-24 14:16:43');


-- ----


--
-- Dumping data for table `event_notification`
--

INSERT INTO `event_notification` (`id`, `event_id`, `title`, `text`, `publish`, `deleted`, `created`, `last_updated`) VALUES
(2, 17, 'event test 13 notification 2', 'event test 13 notification 2 text', 1, 0, '2015-09-24 04:44:55', '2015-09-24 04:44:55'),
(3, 17, 'event test 13 notification 3', 'event test 13 notification 3 text', 0, 0, '2015-09-24 04:45:20', '2015-09-24 04:45:20'),
(4, 17, 'event test 13 notification 4 ed', 'event test 13 notification 4 text ed', 0, 0, '2015-09-24 04:46:00', '2015-09-24 05:02:05'),
(5, 17, 'event test 13 notification 5', 'event test 13 notification 5 text', 1, 1, '2015-09-24 04:44:14', '2015-09-24 04:51:37'),
(6, 17, 'event test 13 notification 6', 'event test 13 notification 6 text', 1, 0, '2015-09-24 04:44:55', '2015-09-24 04:44:55'),
(7, 17, 'event test 13 notification 7', 'event test 13 notification 7 text', 0, 0, '2015-09-24 04:45:20', '2015-09-24 04:45:20'),
(8, 17, 'event test 13 notification 8', 'event test 13 notification 8 text\nline 2\nline 3', 1, 0, '2015-09-24 04:46:00', '2015-09-25 10:11:48'),
(9, 17, 'event test 13 notification 9', 'event test 13 notification 9 text', 0, 0, '2015-09-24 04:46:00', '2015-09-24 05:02:21'),
(10, 17, 'event test 13 notification 10', 'event test 13 notification 10 text', 1, 0, '2015-09-24 04:46:00', '2015-09-24 04:46:00'),
(11, 17, 'event test 13 notification 11', 'event test 13 notification 11 text', 1, 0, '2015-09-24 04:46:00', '2015-09-24 04:46:00'),
(12, 17, 'event test 13 notification 12', 'event test 13 notification 12 text', 1, 0, '2015-09-24 04:46:00', '2015-09-24 04:46:00'),
(13, 17, 'event test 13 notification 13', 'event test 13 notification 13 text', 1, 0, '2015-09-24 04:46:00', '2015-09-24 04:46:00'),
(14, 17, 'event test 13 notification 14', 'event test 13 notification 14 text', 1, 0, '2015-09-24 04:46:00', '2015-09-24 04:46:00'),
(15, 17, 'event test 13 notification 15', 'event test 13 notification 15 text', 1, 0, '2015-09-24 04:46:00', '2015-09-24 04:46:00'),
(16, 17, 'event test 13 notification 16', 'event test 13 notification 16 text', 1, 0, '2015-09-24 04:46:00', '2015-09-24 04:46:00'),
(17, 17, 'event test 13 notification 17', 'event test 13 notification 17 text', 1, 0, '2015-09-24 04:46:00', '2015-09-24 04:46:00'),
(18, 17, 'event test 13 notification 18', 'event test 13 notification 18 text', 1, 0, '2015-09-24 04:46:00', '2015-09-24 04:46:00'),
(19, 17, 'event test 13 notification 19', 'event test 13 notification 19 text', 1, 0, '2015-09-24 04:46:00', '2015-09-24 04:46:00'),
(20, 17, 'event test 13 notification 20', 'event test 13 notification 20 text', 1, 0, '2015-09-24 04:46:00', '2015-09-24 04:46:00'),
(21, 17, 'event test 13 notification 21', 'event test 13 notification 21 text', 1, 0, '2015-09-24 04:46:00', '2015-09-24 04:46:00'),
(22, 17, 'event test 13 notification 22', 'event test 13 notification 22 text', 1, 0, '2015-09-24 04:46:00', '2015-09-24 04:46:00'),
(23, 17, 'event test 13 notification 23', 'event test 13 notification 23 text', 1, 0, '2015-09-24 04:46:00', '2015-09-24 04:46:00'),
(24, 17, 'event test 13 notification 24', 'event test 13 notification 24 text', 1, 0, '2015-09-24 04:46:00', '2015-09-24 04:46:00'),
(25, 16, 'event test 12 not 1', 'event test 12 not 1 text line 1\nevent test 12 not 1 text line 2', 1, 0, '2015-09-24 04:52:55', '2015-09-24 04:52:55'),
(26, 165, 'event name 165 n1', 'name 165 notification 1 line1\nname 165 notification 1 line2\n\nname 165 notification 1 line3', 1, 0, '2015-09-24 18:43:48', '2015-09-24 18:43:48'),
(27, 165, 'event name 165 n1', 'name 165 notification 1 line1\nname 165 notification 1 line2\n\nname 165 notification 1 line3', 1, 0, '2015-09-24 18:46:30', '2015-09-24 18:46:30'),
(28, 165, 'event name 165 n1 ed', 'name 165 notification 1 line1 ed\nname 165 notification 1 line2\n\nname 165 notification 1 line3', 1, 0, '2015-09-24 18:47:57', '2015-09-24 18:51:38'),
(29, 165, 'event name 165 n2', 'event name 165 n2 text', 1, 0, '2015-09-24 18:53:15', '2015-09-25 10:24:04'),
(30, 176, '176 event test note 1', '176 event test note 1 text\n176 event test note 1 text', 1, 0, '2015-09-24 19:02:09', '2015-09-24 19:02:14'),
(31, 84, 'name 84 test notification 1', 'name 84 test notification 1 text line 1\nname 84 test notification 1 text jdkaf  ldjafld ljkld af lkjfads fdsfkj l jlkdaf line 2\nname 84 test notification 1 text line 3', 1, 0, '2015-09-25 06:02:22', '2015-09-25 06:03:45'),
(32, 17, 'event test 13 notification 9x', 'event test 13 notification 9xxx', 1, 0, '2015-09-25 10:14:29', '2015-09-25 10:16:36');


-- ----

-- -------------------------------------------------------
INSERT INTO `user` (`id`, `status`, `status_date`, `fname`, `lname`, `email`, `username`, `php_tz_identifier`, `phash`, `salt`, `created`, `lastlogindt`, `lastloginip`, `verified`, `email2`, `user_type`, `locked`, `language_id`, `school_id`, `grade`, `last_updated`) VALUES
(16, 'active', NULL, 'eranga', 'wiharagoda16', 'erangawiharagoda+16@gmail.com', 'eraw16', 'UTC', '96d483d148f8376b6013b2273d487e4f', 'RE5wkylxX@.?gSnn["{^$g-RB3I_H?', '2015-09-08 12:40:36', '2015-09-24 19:05:39', '127.0.0.1', 1, NULL, 'user', 0, 1, 2, '11', '2015-09-10 06:19:25'),
(17, 'active', NULL, 'eranga', 'wiharagoda17', 'erangawiharagoda+17@gmail.com', 'eraw17', 'UTC', '95e85f76fb823e121b8d5053d8f037b4', 'IMdwAmU~3~JmWceqY29(p/C{GmvMtu', '2015-09-10 06:19:25', '2015-09-24 15:50:15', '127.0.0.1', 1, NULL, 'user', 0, 1, 4, '10', '2015-09-10 06:19:25'),
(18, 'active', NULL, 'eranga', 'wiharagoda18', 'erangawiharagoda+18@gmail.com', 'eraw18', 'UTC', '04e82b18e991f4662ff98b9816967ff4', 'kU!FWun|O^Vm~wKi&;22/o~u71Z:kF', '2015-09-08 12:40:36', '2015-09-25 06:15:18', '127.0.0.1', 1, NULL, 'user', 0, 1, 1, '9', '2015-09-10 06:19:25'),
(19, 'active', NULL, 'eranga', 'wiharagoda19', 'erangawiharagoda+19@gmail.com', 'eraw19', 'UTC', '96d483d148f8376b6013b2273d487e4f', 'RE5wkylxX@.?gSnn["{^$g-RB3I_H?', '2015-09-08 12:40:36', '2015-09-24 19:05:39', '127.0.0.1', 1, NULL, 'user', 0, 1, 2, '11', '2015-09-10 06:19:25'),
(20, 'active', NULL, 'eranga', 'wiharagoda20', 'erangawiharagoda+20@gmail.com', 'eraw20', 'UTC', '95e85f76fb823e121b8d5053d8f037b4', 'IMdwAmU~3~JmWceqY29(p/C{GmvMtu', '2015-09-10 06:19:25', '2015-09-24 15:50:15', '127.0.0.1', 1, NULL, 'user', 0, 1, 4, '10', '2015-09-10 06:19:25'),
(21, 'active', NULL, 'eranga', 'wiharagoda21', 'erangawiharagoda+21@gmail.com', 'eraw21', 'UTC', '04e82b18e991f4662ff98b9816967ff4', 'kU!FWun|O^Vm~wKi&;22/o~u71Z:kF', '2015-09-08 12:40:36', '2015-09-25 06:15:18', '127.0.0.1', 1, NULL, 'user', 0, 1, 1, '9', '2015-09-10 06:19:25'),
(22, 'active', NULL, 'eranga', 'wiharagoda22', 'erangawiharagoda+22@gmail.com', 'eraw22', 'UTC', '96d483d148f8376b6013b2273d487e4f', 'RE5wkylxX@.?gSnn["{^$g-RB3I_H?', '2015-09-08 12:40:36', '2015-09-24 19:05:39', '127.0.0.1', 1, NULL, 'user', 0, 1, 2, '11', '2015-09-10 06:19:25'),
(23, 'active', NULL, 'eranga', 'wiharagoda23', 'erangawiharagoda+23@gmail.com', 'eraw23', 'UTC', '95e85f76fb823e121b8d5053d8f037b4', 'IMdwAmU~3~JmWceqY29(p/C{GmvMtu', '2015-09-10 06:19:25', '2015-09-24 15:50:15', '127.0.0.1', 1, NULL, 'user', 0, 1, 4, '10', '2015-09-10 06:19:25'),
(24, 'active', NULL, 'eranga', 'wiharagoda24', 'erangawiharagoda+24@gmail.com', 'eraw24', 'UTC', '04e82b18e991f4662ff98b9816967ff4', 'kU!FWun|O^Vm~wKi&;22/o~u71Z:kF', '2015-09-08 12:40:36', '2015-09-25 06:15:18', '127.0.0.1', 1, NULL, 'user', 0, 1, 1, '9', '2015-09-10 06:19:25'),
(25, 'active', NULL, 'eranga', 'wiharagoda25', 'erangawiharagoda+25@gmail.com', 'eraw25', 'UTC', '96d483d148f8376b6013b2273d487e4f', 'RE5wkylxX@.?gSnn["{^$g-RB3I_H?', '2015-09-08 12:40:36', '2015-09-24 19:05:39', '127.0.0.1', 1, NULL, 'user', 0, 1, 2, '11', '2015-09-10 06:19:25'),
(26, 'active', NULL, 'eranga', 'wiharagoda26', 'erangawiharagoda+26@gmail.com', 'eraw26', 'UTC', '95e85f76fb823e121b8d5053d8f037b4', 'IMdwAmU~3~JmWceqY29(p/C{GmvMtu', '2015-09-10 06:19:25', '2015-09-24 15:50:15', '127.0.0.1', 1, NULL, 'user', 0, 1, 4, '10', '2015-09-10 06:19:25'),
(27, 'active', NULL, 'eranga', 'wiharagoda27', 'erangawiharagoda+27@gmail.com', 'eraw27', 'UTC', '04e82b18e991f4662ff98b9816967ff4', 'kU!FWun|O^Vm~wKi&;22/o~u71Z:kF', '2015-09-08 12:40:36', '2015-09-25 06:15:18', '127.0.0.1', 1, NULL, 'user', 0, 1, 1, '9', '2015-09-10 06:19:25'),
(28, 'active', NULL, 'eranga', 'wiharagoda28', 'erangawiharagoda+28@gmail.com', 'eraw28', 'UTC', '96d483d148f8376b6013b2273d487e4f', 'RE5wkylxX@.?gSnn["{^$g-RB3I_H?', '2015-09-08 12:40:36', '2015-09-24 19:05:39', '127.0.0.1', 1, NULL, 'user', 0, 1, 2, '11', '2015-09-10 06:19:25'),
(29, 'active', NULL, 'eranga', 'wiharagoda29', 'erangawiharagoda+29@gmail.com', 'eraw29', 'UTC', '95e85f76fb823e121b8d5053d8f037b4', 'IMdwAmU~3~JmWceqY29(p/C{GmvMtu', '2015-09-10 06:19:25', '2015-09-24 15:50:15', '127.0.0.1', 1, NULL, 'user', 0, 1, 4, '10', '2015-09-10 06:19:25'),
(30, 'active', NULL, 'eranga', 'wiharagoda30', 'erangawiharagoda+30@gmail.com', 'eraw30', 'UTC', '04e82b18e991f4662ff98b9816967ff4', 'kU!FWun|O^Vm~wKi&;22/o~u71Z:kF', '2015-09-08 12:40:36', '2015-09-25 06:15:18', '127.0.0.1', 1, NULL, 'user', 0, 1, 1, '9', '2015-09-10 06:19:25'),
(31, 'active', NULL, 'eranga', 'wiharagoda31', 'erangawiharagoda+31@gmail.com', 'eraw31', 'UTC', '96d483d148f8376b6013b2273d487e4f', 'RE5wkylxX@.?gSnn["{^$g-RB3I_H?', '2015-09-08 12:40:36', '2015-09-24 19:05:39', '127.0.0.1', 1, NULL, 'user', 0, 1, 2, '11', '2015-09-10 06:19:25'),
(32, 'active', NULL, 'eranga', 'wiharagoda32', 'erangawiharagoda+32@gmail.com', 'eraw32', 'UTC', '95e85f76fb823e121b8d5053d8f037b4', 'IMdwAmU~3~JmWceqY29(p/C{GmvMtu', '2015-09-10 06:19:25', '2015-09-24 15:50:15', '127.0.0.1', 1, NULL, 'user', 0, 1, 4, '10', '2015-09-10 06:19:25'),
(33, 'active', NULL, 'eranga', 'wiharagoda33', 'erangawiharagoda+33@gmail.com', 'eraw33', 'UTC', '04e82b18e991f4662ff98b9816967ff4', 'kU!FWun|O^Vm~wKi&;22/o~u71Z:kF', '2015-09-08 12:40:36', '2015-09-25 06:15:18', '127.0.0.1', 1, NULL, 'user', 0, 1, 1, '9', '2015-09-10 06:19:25'),
(34, 'active', NULL, 'eranga', 'wiharagoda34', 'erangawiharagoda+34@gmail.com', 'eraw34', 'UTC', '96d483d148f8376b6013b2273d487e4f', 'RE5wkylxX@.?gSnn["{^$g-RB3I_H?', '2015-09-08 12:40:36', '2015-09-24 19:05:39', '127.0.0.1', 1, NULL, 'user', 0, 1, 2, '11', '2015-09-10 06:19:25'),
(35, 'active', NULL, 'eranga', 'wiharagoda35', 'erangawiharagoda+35@gmail.com', 'eraw35', 'UTC', '95e85f76fb823e121b8d5053d8f037b4', 'IMdwAmU~3~JmWceqY29(p/C{GmvMtu', '2015-09-10 06:19:25', '2015-09-24 15:50:15', '127.0.0.1', 1, NULL, 'user', 0, 1, 4, '10', '2015-09-10 06:19:25')
;

-- --- add user to events --
insert into user_event(event_id,user_id,created)
values 
(17,16,NOW()),
(17,17,NOW()),
(17,18,NOW()),
(17,19,NOW()),
(17,20,NOW()),
(17,21,NOW()),
(17,22,NOW()),
(17,23,NOW()),
(17,24,NOW()),
(17,25,NOW()),
(17,26,NOW()),
(17,27,NOW()),
(17,28,NOW()),
(17,29,NOW())
;

insert into user_event(event_id,user_id,created)
values 
(165,25,NOW()),
(165,26,NOW()),
(165,27,NOW()),
(165,28,NOW()),
(165,29,NOW()),
(165,30,NOW()),
(165,31,NOW()),
(165,33,NOW()),
(165,34,NOW()),
(165,35,NOW())
;


-- -----------------------------------------------------------------------------------------
-- end of v-1.1.0 and start of v-1.1.1 
-- ------------------------------------------------------------------------------------------

