
INSERT INTO `event_notification` ( `event_id`, `title`, `text`, `publish`, `deleted`, `created`, `last_updated`) VALUES
(17, 'event test 13 notification 5', 'event test 13 notification 5 text', 1, 0, '2015-09-24 04:44:14', '2015-09-24 04:44:14'),
(17, 'event test 13 notification 6', 'event test 13 notification 6 text', 1, 0, '2015-09-24 04:44:55', '2015-09-24 04:44:55'),
(17, 'event test 13 notification 7', 'event test 13 notification 7 text', 0, 0, '2015-09-24 04:45:20', '2015-09-24 04:45:20'),
(17, 'event test 13 notification 8', 'event test 13 notification 8 text', 1, 0, '2015-09-24 04:46:00', '2015-09-24 04:46:00'),
(17, 'event test 13 notification 9', 'event test 13 notification 9 text', 1, 0, '2015-09-24 04:46:00', '2015-09-24 04:46:00'),
(17, 'event test 13 notification 10', 'event test 13 notification 10 text', 1, 0, '2015-09-24 04:46:00', '2015-09-24 04:46:00'),
(17, 'event test 13 notification 11', 'event test 13 notification 11 text', 1, 0, '2015-09-24 04:46:00', '2015-09-24 04:46:00'),
(17, 'event test 13 notification 12', 'event test 13 notification 12 text', 1, 0, '2015-09-24 04:46:00', '2015-09-24 04:46:00'),
(17, 'event test 13 notification 13', 'event test 13 notification 13 text', 1, 0, '2015-09-24 04:46:00', '2015-09-24 04:46:00'),
(17, 'event test 13 notification 14', 'event test 13 notification 14 text', 1, 0, '2015-09-24 04:46:00', '2015-09-24 04:46:00'),
(17, 'event test 13 notification 15', 'event test 13 notification 15 text', 1, 0, '2015-09-24 04:46:00', '2015-09-24 04:46:00'),
(17, 'event test 13 notification 16', 'event test 13 notification 16 text', 1, 0, '2015-09-24 04:46:00', '2015-09-24 04:46:00'),
(17, 'event test 13 notification 17', 'event test 13 notification 17 text', 1, 0, '2015-09-24 04:46:00', '2015-09-24 04:46:00'),
(17, 'event test 13 notification 18', 'event test 13 notification 18 text', 1, 0, '2015-09-24 04:46:00', '2015-09-24 04:46:00'),
(17, 'event test 13 notification 19', 'event test 13 notification 19 text', 1, 0, '2015-09-24 04:46:00', '2015-09-24 04:46:00'),
(17, 'event test 13 notification 20', 'event test 13 notification 20 text', 1, 0, '2015-09-24 04:46:00', '2015-09-24 04:46:00'),
(17, 'event test 13 notification 21', 'event test 13 notification 21 text', 1, 0, '2015-09-24 04:46:00', '2015-09-24 04:46:00'),
(17, 'event test 13 notification 22', 'event test 13 notification 22 text', 1, 0, '2015-09-24 04:46:00', '2015-09-24 04:46:00'),
(17, 'event test 13 notification 23', 'event test 13 notification 23 text', 1, 0, '2015-09-24 04:46:00', '2015-09-24 04:46:00'),
(17, 'event test 13 notification 24', 'event test 13 notification 24 text', 1, 0, '2015-09-24 04:46:00', '2015-09-24 04:46:00')
;

INSERT INTO `event_notification` ( `event_id`, `title`, `text`, `publish`, `deleted`, `created`, `last_updated`) VALUES
(17, 'event test 13 notification 5', 'event test 13 notification 5 text', 1, 0, '2015-09-24 04:44:14', '2015-09-24 04:44:14'),
(17, 'event test 13 notification 6', 'event test 13 notification 6 text', 1, 0, '2015-09-24 04:44:55', '2015-09-24 04:44:55'),
(17, 'event test 13 notification 7', 'event test 13 notification 7 text', 0, 0, '2015-09-24 04:45:20', '2015-09-24 04:45:20'),
(17, 'event test 13 notification 8', 'event test 13 notification 8 text', 1, 0, '2015-09-24 04:46:00', '2015-09-24 04:46:00'),
(17, 'event test 13 notification 9', 'event test 13 notification 9 text', 1, 0, '2015-09-24 04:46:00', '2015-09-24 04:46:00'),
(17, 'event test 13 notification 10', 'event test 13 notification 10 text', 1, 0, '2015-09-24 04:46:00', '2015-09-24 04:46:00'),
(17, 'event test 13 notification 11', 'event test 13 notification 11 text', 1, 0, '2015-09-24 04:46:00', '2015-09-24 04:46:00'),
(17, 'event test 13 notification 12', 'event test 13 notification 12 text', 1, 0, '2015-09-24 04:46:00', '2015-09-24 04:46:00'),
(17, 'event test 13 notification 13', 'event test 13 notification 13 text', 1, 0, '2015-09-24 04:46:00', '2015-09-24 04:46:00'),
(17, 'event test 13 notification 14', 'event test 13 notification 14 text', 1, 0, '2015-09-24 04:46:00', '2015-09-24 04:46:00'),
(17, 'event test 13 notification 15', 'event test 13 notification 15 text', 1, 0, '2015-09-24 04:46:00', '2015-09-24 04:46:00'),
(17, 'event test 13 notification 16', 'event test 13 notification 16 text', 1, 0, '2015-09-24 04:46:00', '2015-09-24 04:46:00'),
(17, 'event test 13 notification 17', 'event test 13 notification 17 text', 1, 0, '2015-09-24 04:46:00', '2015-09-24 04:46:00'),
(17, 'event test 13 notification 18', 'event test 13 notification 18 text', 1, 0, '2015-09-24 04:46:00', '2015-09-24 04:46:00'),
(17, 'event test 13 notification 19', 'event test 13 notification 19 text', 1, 0, '2015-09-24 04:46:00', '2015-09-24 04:46:00'),
(17, 'event test 13 notification 20', 'event test 13 notification 20 text', 1, 0, '2015-09-24 04:46:00', '2015-09-24 04:46:00'),
(17, 'event test 13 notification 21', 'event test 13 notification 21 text', 1, 0, '2015-09-24 04:46:00', '2015-09-24 04:46:00'),
(17, 'event test 13 notification 22', 'event test 13 notification 22 text', 1, 0, '2015-09-24 04:46:00', '2015-09-24 04:46:00'),
(17, 'event test 13 notification 23', 'event test 13 notification 23 text', 1, 0, '2015-09-24 04:46:00', '2015-09-24 04:46:00'),
(17, 'event test 13 notification 24', 'event test 13 notification 24 text', 1, 0, '2015-09-24 04:46:00', '2015-09-24 04:46:00')
;


-- ------------ 
-- last have id=18 
-- insert same and then run update sql to make then diffre with id appended
INSERT INTO `event` (`name`, `description`, `start_date`, `end_date`, `apply_deadline`, `type`, `publish`, `deleted`, `created`, `last_updated`) VALUES
('name', 'description', NULL, NULL, NULL, 'internships', 1, 0, NOW(), NOW()),
('name', 'description', NULL, NULL, NULL, 'internships', 1, 0, NOW(), NOW()),
('name', 'description', NULL, NULL, NULL, 'internships', 1, 0, NOW(), NOW()),
('name', 'description', NULL, NULL, NULL, 'internships', 1, 0, NOW(), NOW()),
('name', 'description', NULL, NULL, NULL, 'internships', 1, 0, NOW(), NOW()),
('name', 'description', NULL, NULL, NULL, 'internships', 1, 0, NOW(), NOW()),
('name', 'description', NULL, NULL, NULL, 'internships', 1, 0, NOW(), NOW()),
('name', 'description', NULL, NULL, NULL, 'internships', 1, 0, NOW(), NOW()),
('name', 'description', NULL, NULL, NULL, 'internships', 1, 0, NOW(), NOW()),
('name', 'description', NULL, NULL, NULL, 'internships', 1, 0, NOW(), NOW()),
('name', 'description', NULL, NULL, NULL, 'internships', 1, 0, NOW(), NOW()),
('name', 'description', NULL, NULL, NULL, 'internships', 1, 0, NOW(), NOW()),
('name', 'description', NULL, NULL, NULL, 'internships', 1, 0, NOW(), NOW()),
('name', 'description', NULL, NULL, NULL, 'internships', 1, 0, NOW(), NOW()),
('name', 'description', NULL, NULL, NULL, 'internships', 1, 0, NOW(), NOW()),
('name', 'description', NULL, NULL, NULL, 'internships', 1, 0, NOW(), NOW()),
('name', 'description', NULL, NULL, NULL, 'internships', 1, 0, NOW(), NOW()),
('name', 'description', NULL, NULL, NULL, 'internships', 1, 0, NOW(), NOW()),
('name', 'description', NULL, NULL, NULL, 'internships', 1, 0, NOW(), NOW()),
('name', 'description', NULL, NULL, NULL, 'internships', 1, 0, NOW(), NOW()),
('name', 'description', NULL, NULL, NULL, 'internships', 1, 0, NOW(), NOW()),
('name', 'description', NULL, NULL, NULL, 'internships', 1, 0, NOW(), NOW()),
('name', 'description', NULL, NULL, NULL, 'internships', 1, 0, NOW(), NOW()),
('name', 'description', NULL, NULL, NULL, 'internships', 1, 0, NOW(), NOW()),
('name', 'description', NULL, NULL, NULL, 'internships', 1, 0, NOW(), NOW()),
('name', 'description', NULL, NULL, NULL, 'internships', 1, 0, NOW(), NOW()),
('name', 'description', NULL, NULL, NULL, 'internships', 1, 0, NOW(), NOW()),
('name', 'description', NULL, NULL, NULL, 'internships', 1, 0, NOW(), NOW()),
('name', 'description', NULL, NULL, NULL, 'internships', 1, 0, NOW(), NOW()),
('name', 'description', NULL, NULL, NULL, 'internships', 1, 0, NOW(), NOW()),
('name', 'description', NULL, NULL, NULL, 'internships', 1, 0, NOW(), NOW()),
('name', 'description', NULL, NULL, NULL, 'internships', 1, 0, NOW(), NOW()),
('name', 'description', NULL, NULL, NULL, 'internships', 1, 0, NOW(), NOW()),
('name', 'description', NULL, NULL, NULL, 'internships', 1, 0, NOW(), NOW()),
('name', 'description', NULL, NULL, NULL, 'internships', 1, 0, NOW(), NOW()),
('name', 'description', NULL, NULL, NULL, 'internships', 1, 0, NOW(), NOW()),
('name', 'description', NULL, NULL, NULL, 'internships', 1, 0, NOW(), NOW()),
('name', 'description', NULL, NULL, NULL, 'internships', 1, 0, NOW(), NOW()),
('name', 'description', NULL, NULL, NULL, 'internships', 1, 0, NOW(), NOW()),
('name', 'description', NULL, NULL, NULL, 'internships', 1, 0, NOW(), NOW()),
('name', 'description', NULL, NULL, NULL, 'internships', 1, 0, NOW(), NOW()),
('name', 'description', NULL, NULL, NULL, 'internships', 1, 0, NOW(), NOW()),
('name', 'description', NULL, NULL, NULL, 'internships', 1, 0, NOW(), NOW()),
('name', 'description', NULL, NULL, NULL, 'internships', 1, 0, NOW(), NOW()),
('name', 'description', NULL, NULL, NULL, 'internships', 1, 0, NOW(), NOW()),
('name', 'description', NULL, NULL, NULL, 'internships', 1, 0, NOW(), NOW()),
('name', 'description', NULL, NULL, NULL, 'internships', 1, 0, NOW(), NOW()),
('name', 'description', NULL, NULL, NULL, 'internships', 1, 0, NOW(), NOW()),
('name', 'description', NULL, NULL, NULL, 'internships', 1, 0, NOW(), NOW()),
('name', 'description', NULL, NULL, NULL, 'internships', 1, 0, NOW(), NOW()),
('name', 'description', NULL, NULL, NULL, 'internships', 1, 0, NOW(), NOW()),
('name', 'description', NULL, NULL, NULL, 'internships', 1, 0, NOW(), NOW()),
('name', 'description', NULL, NULL, NULL, 'internships', 1, 0, NOW(), NOW()),
('name', 'description', NULL, NULL, NULL, 'internships', 1, 0, NOW(), NOW()),
('name', 'description', NULL, NULL, NULL, 'internships', 1, 0, NOW(), NOW()),
('name', 'description', NULL, NULL, NULL, 'internships', 1, 0, NOW(), NOW()),
('name', 'description', NULL, NULL, NULL, 'internships', 1, 0, NOW(), NOW()),
('name', 'description', NULL, NULL, NULL, 'internships', 1, 0, NOW(), NOW()),
('name', 'description', NULL, NULL, NULL, 'internships', 1, 0, NOW(), NOW()),
('name', 'description', NULL, NULL, NULL, 'internships', 1, 0, NOW(), NOW()),
('name', 'description', NULL, NULL, NULL, 'internships', 1, 0, NOW(), NOW()),
('name', 'description', NULL, NULL, NULL, 'internships', 1, 0, NOW(), NOW()),
('name', 'description', NULL, NULL, NULL, 'internships', 1, 0, NOW(), NOW()),
('name', 'description', NULL, NULL, NULL, 'internships', 1, 0, NOW(), NOW()),
('name', 'description', NULL, NULL, NULL, 'internships', 1, 0, NOW(), NOW()),
('name', 'description', NULL, NULL, NULL, 'internships', 1, 0, NOW(), NOW()),
('name', 'description', NULL, NULL, NULL, 'internships', 1, 0, NOW(), NOW()),
('name', 'description', NULL, NULL, NULL, 'internships', 1, 0, NOW(), NOW()),
('name', 'description', NULL, NULL, NULL, 'internships', 1, 0, NOW(), NOW()),
('name', 'description', NULL, NULL, NULL, 'internships', 1, 0, NOW(), NOW()),
('name', 'description', NULL, NULL, NULL, 'internships', 1, 0, NOW(), NOW()),
('name', 'description', NULL, NULL, NULL, 'internships', 1, 0, NOW(), NOW()),
('name', 'description', NULL, NULL, NULL, 'internships', 1, 0, NOW(), NOW()),
('name', 'description', NULL, NULL, NULL, 'internships', 1, 0, NOW(), NOW()),
('name', 'description', NULL, NULL, NULL, 'internships', 1, 0, NOW(), NOW()),
('name', 'description', NULL, NULL, NULL, 'internships', 1, 0, NOW(), NOW()),
('name', 'description', NULL, NULL, NULL, 'internships', 1, 0, NOW(), NOW()),
('name', 'description', NULL, NULL, NULL, 'internships', 1, 0, NOW(), NOW()),
('name', 'description', NULL, NULL, NULL, 'internships', 1, 0, NOW(), NOW())
;

-- ---
-- update fix to make above uniqe with id
update `event` set 
`name`=concat(`name`,' ',`id`),
`description`=concat(`description`,' ',`id`)
WHERE `id`>18

-- --

update `event` set 
`type`='job shadows'
WHERE `id`>18 and id<45;

update `event` set 
`type`='volunteering'
WHERE `id`>45 and id<85;

update `event` set 
`type`='internships'
WHERE `id`<18;

update `event` set 
`type`='internships'
WHERE `id`>85;

-- ---

update `event` 
set `start_date`='2015-10-05'
WHERE `start_date` IS NULL;

--
update `event` 
set `end_date`='2015-12-05'
WHERE `end_date` IS NULL;
-- 
update `event` 
set `apply_deadline`='2015-12-04'
WHERE `apply_deadline` IS NULL
-- 

-- -------------------------------------------------------
INSERT INTO `user` (`id`, `status`, `status_date`, `fname`, `lname`, `email`, `username`, `php_tz_identifier`, `phash`, `salt`, `created`, `lastlogindt`, `lastloginip`, `verified`, `email2`, `user_type`, `locked`, `language_id`, `school_id`, `grade`, `last_updated`) VALUES
(15, 'active', NULL, 'eranga', 'wiharagoda15', 'erangawiharagoda+15@gmail.com', 'eraw15', 'UTC', '04e82b18e991f4662ff98b9816967ff4', 'kU!FWun|O^Vm~wKi&;22/o~u71Z:kF', '2015-09-08 12:40:36', '2015-09-25 06:15:18', '127.0.0.1', 1, NULL, 'user', 0, 1, 1, '9', '2015-09-10 06:19:25'),
(16, 'active', NULL, 'eranga', 'wiharagoda16', 'erangawiharagoda+16@gmail.com', 'eraw16', 'UTC', '96d483d148f8376b6013b2273d487e4f', 'RE5wkylxX@.?gSnn["{^$g-RB3I_H?', '2015-09-08 12:40:36', '2015-09-24 19:05:39', '127.0.0.1', 1, NULL, 'user', 0, 1, 2, '11', '2015-09-10 06:19:25'),
(17, 'active', NULL, 'eranga', 'wiharagoda17', 'erangawiharagoda+17@gmail.com', 'eraw17', 'UTC', '95e85f76fb823e121b8d5053d8f037b4', 'IMdwAmU~3~JmWceqY29(p/C{GmvMtu', '2015-09-10 06:19:25', '2015-09-24 15:50:15', '127.0.0.1', 1, NULL, 'user', 0, 1, 4, '10', '2015-09-10 06:19:25'),
(18, 'active', NULL, 'eranga', 'wiharagoda18', 'erangawiharagoda+18@gmail.com', 'eraw18', 'UTC', '04e82b18e991f4662ff98b9816967ff4', 'kU!FWun|O^Vm~wKi&;22/o~u71Z:kF', '2015-09-08 12:40:36', '2015-09-25 06:15:18', '127.0.0.1', 1, NULL, 'user', 0, 1, 1, '9', '2015-09-10 06:19:25'),
(19, 'active', NULL, 'eranga', 'wiharagoda19', 'erangawiharagoda+19@gmail.com', 'eraw19', 'UTC', '96d483d148f8376b6013b2273d487e4f', 'RE5wkylxX@.?gSnn["{^$g-RB3I_H?', '2015-09-08 12:40:36', '2015-09-24 19:05:39', '127.0.0.1', 1, NULL, 'user', 0, 1, 2, '11', '2015-09-10 06:19:25'),
(20, 'active', NULL, 'eranga', 'wiharagoda20', 'erangawiharagoda+20@gmail.com', 'eraw20', 'UTC', '95e85f76fb823e121b8d5053d8f037b4', 'IMdwAmU~3~JmWceqY29(p/C{GmvMtu', '2015-09-10 06:19:25', '2015-09-24 15:50:15', '127.0.0.1', 1, NULL, 'user', 0, 1, 4, '10', '2015-09-10 06:19:25'),
(21, 'active', NULL, 'eranga', 'wiharagoda21', 'erangawiharagoda+21@gmail.com', 'eraw21', 'UTC', '04e82b18e991f4662ff98b9816967ff4', 'kU!FWun|O^Vm~wKi&;22/o~u71Z:kF', '2015-09-08 12:40:36', '2015-09-25 06:15:18', '127.0.0.1', 1, NULL, 'user', 0, 1, 1, '9', '2015-09-10 06:19:25'),
(22, 'active', NULL, 'eranga', 'wiharagoda22', 'erangawiharagoda+22@gmail.com', 'eraw22', 'UTC', '96d483d148f8376b6013b2273d487e4f', 'RE5wkylxX@.?gSnn["{^$g-RB3I_H?', '2015-09-08 12:40:36', '2015-09-24 19:05:39', '127.0.0.1', 1, NULL, 'user', 0, 1, 2, '11', '2015-09-10 06:19:25'),
(23, 'active', NULL, 'eranga', 'wiharagoda23', 'erangawiharagoda+23@gmail.com', 'eraw23', 'UTC', '95e85f76fb823e121b8d5053d8f037b4', 'IMdwAmU~3~JmWceqY29(p/C{GmvMtu', '2015-09-10 06:19:25', '2015-09-24 15:50:15', '127.0.0.1', 1, NULL, 'user', 0, 1, 4, '10', '2015-09-10 06:19:25'),
(24, 'active', NULL, 'eranga', 'wiharagoda24', 'erangawiharagoda+24@gmail.com', 'eraw24', 'UTC', '04e82b18e991f4662ff98b9816967ff4', 'kU!FWun|O^Vm~wKi&;22/o~u71Z:kF', '2015-09-08 12:40:36', '2015-09-25 06:15:18', '127.0.0.1', 1, NULL, 'user', 0, 1, 1, '9', '2015-09-10 06:19:25'),
(25, 'active', NULL, 'eranga', 'wiharagoda25', 'erangawiharagoda+25@gmail.com', 'eraw25', 'UTC', '96d483d148f8376b6013b2273d487e4f', 'RE5wkylxX@.?gSnn["{^$g-RB3I_H?', '2015-09-08 12:40:36', '2015-09-24 19:05:39', '127.0.0.1', 1, NULL, 'user', 0, 1, 2, '11', '2015-09-10 06:19:25'),
(26, 'active', NULL, 'eranga', 'wiharagoda26', 'erangawiharagoda+26@gmail.com', 'eraw26', 'UTC', '95e85f76fb823e121b8d5053d8f037b4', 'IMdwAmU~3~JmWceqY29(p/C{GmvMtu', '2015-09-10 06:19:25', '2015-09-24 15:50:15', '127.0.0.1', 1, NULL, 'user', 0, 1, 4, '10', '2015-09-10 06:19:25'),
(27, 'active', NULL, 'eranga', 'wiharagoda27', 'erangawiharagoda+27@gmail.com', 'eraw27', 'UTC', '04e82b18e991f4662ff98b9816967ff4', 'kU!FWun|O^Vm~wKi&;22/o~u71Z:kF', '2015-09-08 12:40:36', '2015-09-25 06:15:18', '127.0.0.1', 1, NULL, 'user', 0, 1, 1, '9', '2015-09-10 06:19:25'),
(28, 'active', NULL, 'eranga', 'wiharagoda28', 'erangawiharagoda+28@gmail.com', 'eraw28', 'UTC', '96d483d148f8376b6013b2273d487e4f', 'RE5wkylxX@.?gSnn["{^$g-RB3I_H?', '2015-09-08 12:40:36', '2015-09-24 19:05:39', '127.0.0.1', 1, NULL, 'user', 0, 1, 2, '11', '2015-09-10 06:19:25'),
(29, 'active', NULL, 'eranga', 'wiharagoda29', 'erangawiharagoda+29@gmail.com', 'eraw29', 'UTC', '95e85f76fb823e121b8d5053d8f037b4', 'IMdwAmU~3~JmWceqY29(p/C{GmvMtu', '2015-09-10 06:19:25', '2015-09-24 15:50:15', '127.0.0.1', 1, NULL, 'user', 0, 1, 4, '10', '2015-09-10 06:19:25'),
(30, 'active', NULL, 'eranga', 'wiharagoda30', 'erangawiharagoda+30@gmail.com', 'eraw30', 'UTC', '04e82b18e991f4662ff98b9816967ff4', 'kU!FWun|O^Vm~wKi&;22/o~u71Z:kF', '2015-09-08 12:40:36', '2015-09-25 06:15:18', '127.0.0.1', 1, NULL, 'user', 0, 1, 1, '9', '2015-09-10 06:19:25'),
(31, 'active', NULL, 'eranga', 'wiharagoda31', 'erangawiharagoda+31@gmail.com', 'eraw31', 'UTC', '96d483d148f8376b6013b2273d487e4f', 'RE5wkylxX@.?gSnn["{^$g-RB3I_H?', '2015-09-08 12:40:36', '2015-09-24 19:05:39', '127.0.0.1', 1, NULL, 'user', 0, 1, 2, '11', '2015-09-10 06:19:25'),
(32, 'active', NULL, 'eranga', 'wiharagoda32', 'erangawiharagoda+32@gmail.com', 'eraw32', 'UTC', '95e85f76fb823e121b8d5053d8f037b4', 'IMdwAmU~3~JmWceqY29(p/C{GmvMtu', '2015-09-10 06:19:25', '2015-09-24 15:50:15', '127.0.0.1', 1, NULL, 'user', 0, 1, 4, '10', '2015-09-10 06:19:25'),
(33, 'active', NULL, 'eranga', 'wiharagoda33', 'erangawiharagoda+33@gmail.com', 'eraw33', 'UTC', '04e82b18e991f4662ff98b9816967ff4', 'kU!FWun|O^Vm~wKi&;22/o~u71Z:kF', '2015-09-08 12:40:36', '2015-09-25 06:15:18', '127.0.0.1', 1, NULL, 'user', 0, 1, 1, '9', '2015-09-10 06:19:25'),
(34, 'active', NULL, 'eranga', 'wiharagoda34', 'erangawiharagoda+34@gmail.com', 'eraw34', 'UTC', '96d483d148f8376b6013b2273d487e4f', 'RE5wkylxX@.?gSnn["{^$g-RB3I_H?', '2015-09-08 12:40:36', '2015-09-24 19:05:39', '127.0.0.1', 1, NULL, 'user', 0, 1, 2, '11', '2015-09-10 06:19:25'),
(35, 'active', NULL, 'eranga', 'wiharagoda35', 'erangawiharagoda+35@gmail.com', 'eraw35', 'UTC', '95e85f76fb823e121b8d5053d8f037b4', 'IMdwAmU~3~JmWceqY29(p/C{GmvMtu', '2015-09-10 06:19:25', '2015-09-24 15:50:15', '127.0.0.1', 1, NULL, 'user', 0, 1, 4, '10', '2015-09-10 06:19:25')
;

-- --- add user to events --
insert into user_event(event_id,user_id,created)
values 
(17,15,NOW()),
(17,16,NOW()),
(17,17,NOW()),
(17,18,NOW()),
(17,19,NOW()),
(17,20,NOW()),
(17,21,NOW()),
(17,22,NOW()),
(17,23,NOW()),
(17,24,NOW()),
(17,25,NOW()),
(17,26,NOW()),
(17,27,NOW()),
(17,28,NOW()),
(17,29,NOW())
;

insert into user_event(event_id,user_id,created)
values 
(165,25,NOW()),
(165,26,NOW()),
(165,27,NOW()),
(165,28,NOW()),
(165,29,NOW()),
(165,30,NOW()),
(165,31,NOW()),
(165,33,NOW()),
(165,34,NOW()),
(165,35,NOW())
;






